{
  "currentFrameRate": 55.3274,
  "devices": [],
  "gestures": [],
  "hands": [
    {
      "armBasis": [
        [
          0.882817,
          -0.191406,
          -0.428950
        ],
        [
          0.392433,
          0.802398,
          0.449615
        ],
        [
          0.258130,
          -0.565262,
          0.783484
        ]
      ],
      "armWidth": 54.8989,
      "confidence": 0.582141,
      "direction": [
        0.197554,
        0.594020,
        -0.779816
      ],
      "elbow": [
        68.7087,
        -35.5669,
        241.512
      ],
      "grabStrength": 0.00000,
      "id": 163,
      "palmNormal": [
        -0.359752,
        -0.696058,
        -0.621355
      ],
      "palmPosition": [
        10.5253,
        123.620,
        21.1628
      ],
      "palmVelocity": [
        10.9199,
        -14.6937,
        -10.8075
      ],
      "palmWidth": 78.3938,
      "pinchStrength": 0.00000,
      "r": [
        [
          0.989876,
          -0.0299928,
          0.138729
        ],
        [
          -0.0280787,
          0.916720,
          0.398543
        ],
        [
          -0.139129,
          -0.398403,
          0.906597
        ]
      ],
      "s": 1.20645,
      "sphereCenter": [
        16.6122,
        14.6512,
        -72.8336
      ],
      "sphereRadius": 145.266,
      "stabilizedPalmPosition": [
        11.6339,
        119.145,
        22.8736
      ],
      "t": [
        89.4621,
        25.9776,
        -69.3976
      ],
      "timeVisible": 1.86192,
      "type": "right",
      "wrist": [
        8.66199,
        95.9258,
        59.2556
      ]
    }
  ],
  "id": 405999,
  "interactionBox": {
    "center": [
      0.00000,
      200.000,
      0.00000
    ],
    "size": [
      235.247,
      235.247,
      147.751
    ]
  },
  "pointables": [
    {
      "bases": [
        [
          [
            0.727265,
            0.576202,
            0.372930
          ],
          [
            -0.650099,
            0.404029,
            0.643531
          ],
          [
            0.220129,
            -0.710459,
            0.668424
          ]
        ],
        [
          [
            0.584791,
            0.806799,
            0.0842264
          ],
          [
            -0.699448,
            0.448927,
            0.556090
          ],
          [
            0.410842,
            -0.384109,
            0.826843
          ]
        ],
        [
          [
            0.584791,
            0.806799,
            0.0842264
          ],
          [
            -0.692809,
            0.442745,
            0.569203
          ],
          [
            0.421942,
            -0.391218,
            0.817871
          ]
        ],
        [
          [
            0.584791,
            0.806799,
            0.0842264
          ],
          [
            -0.707540,
            0.456533,
            0.539412
          ],
          [
            0.396745,
            -0.375037,
            0.837819
          ]
        ]
      ],
      "btipPosition": [
        -55.7292,
        133.177,
        -18.8348
      ],
      "carpPosition": [
        -17.6654,
        97.6032,
        57.6444
      ],
      "dipPosition": [
        -47.7294,
        125.615,
        -1.94125
      ],
      "direction": [
        -0.421942,
        0.391218,
        -0.817871
      ],
      "extended": true,
      "handId": 163,
      "id": 1630,
      "length": 44.9016,
      "mcpPosition": [
        -17.6654,
        97.6032,
        57.6444
      ],
      "pipPosition": [
        -35.3346,
        114.123,
        22.0842
      ],
      "stabilizedTipPosition": [
        -53.6408,
        130.711,
        -15.3713
      ],
      "timeVisible": 1.86192,
      "tipPosition": [
        -51.5909,
        130.556,
        -15.9866
      ],
      "tipVelocity": [
        -105.446,
        171.730,
        106.479
      ],
      "tool": false,
      "touchDistance": -0.179425,
      "touchZone": "touching",
      "type": 0,
      "width": 17.4467
    },
    {
      "bases": [
        [
          [
            0.932118,
            -0.297829,
            -0.206042
          ],
          [
            0.361949,
            0.785268,
            0.502342
          ],
          [
            0.0121857,
            -0.542819,
            0.839761
          ]
        ],
        [
          [
            0.924659,
            -0.370829,
            -0.0865546
          ],
          [
            0.367017,
            0.807281,
            0.462165
          ],
          [
            -0.101510,
            -0.459112,
            0.882560
          ]
        ],
        [
          [
            0.924659,
            -0.370829,
            -0.0865546
          ],
          [
            0.379482,
            0.878485,
            0.290271
          ],
          [
            -0.0316037,
            -0.301247,
            0.953022
          ]
        ],
        [
          [
            0.924659,
            -0.370829,
            -0.0865546
          ],
          [
            0.380023,
            0.913100,
            0.147750
          ],
          [
            0.0242431,
            -0.169511,
            0.985230
          ]
        ]
      ],
      "btipPosition": [
        -0.160755,
        172.172,
        -59.8517
      ],
      "carpPosition": [
        -3.44701,
        112.003,
        60.3934
      ],
      "dipPosition": [
        0.196112,
        169.677,
        -45.3488
      ],
      "direction": [
        0.0316037,
        0.301247,
        -0.953022
      ],
      "extended": true,
      "handId": 163,
      "id": 1631,
      "length": 50.6665,
      "mcpPosition": [
        -4.21940,
        146.410,
        7.16515
      ],
      "pipPosition": [
        -0.462015,
        163.404,
        -25.5027
      ],
      "stabilizedTipPosition": [
        -0.0947599,
        171.575,
        -56.5215
      ],
      "timeVisible": 1.86192,
      "tipPosition": [
        -0.902801,
        168.758,
        -56.9217
      ],
      "tipVelocity": [
        49.6159,
        124.950,
        29.6343
      ],
      "tool": false,
      "touchDistance": -0.225028,
      "touchZone": "touching",
      "type": 1,
      "width": 16.6651
    },
    {
      "bases": [
        [
          [
            0.849742,
            -0.497904,
            -0.173291
          ],
          [
            0.514504,
            0.711503,
            0.478591
          ],
          [
            -0.114996,
            -0.495838,
            0.860767
          ]
        ],
        [
          [
            0.799882,
            -0.599350,
            0.0311264
          ],
          [
            0.495524,
            0.688800,
            0.529160
          ],
          [
            -0.338592,
            -0.407842,
            0.847951
          ]
        ],
        [
          [
            0.799882,
            -0.599350,
            0.0311264
          ],
          [
            0.540311,
            0.741726,
            0.397375
          ],
          [
            -0.261254,
            -0.301035,
            0.917128
          ]
        ],
        [
          [
            0.799882,
            -0.599350,
            0.0311264
          ],
          [
            0.567961,
            0.772711,
            0.283439
          ],
          [
            -0.193931,
            -0.209039,
            0.958485
          ]
        ]
      ],
      "btipPosition": [
        37.3737,
        167.806,
        -66.4001
      ],
      "carpPosition": [
        6.85984,
        110.305,
        58.5416
      ],
      "dipPosition": [
        34.2338,
        164.422,
        -50.8818
      ],
      "direction": [
        0.261254,
        0.301035,
        -0.917128
      ],
      "extended": true,
      "handId": 163,
      "id": 1632,
      "length": 57.7304,
      "mcpPosition": [
        13.7722,
        140.109,
        6.80119
      ],